x,y,z,color
0.5258161,0.181066,0.255932,0
0.5305582,0.1894564,0.2691437,0
0.5352969,0.1567024,0.2827499,0
0.5276902,0.1762856,0.2678542,0
0.5142546,0.1868976,0.2832167,0
0.5249137,0.163253,0.2667386,0
0.5112578,0.174006,0.2827026,0
0.521914,0.1917124,0.2665357,0
0.5090348,0.1612934,0.2810278,0
0.5139655,0.1700923,0.2968824,0
0.5065307,0.1900766,0.2825501,0
0.5117536,0.1576865,0.296744,0
0.504496,0.1778524,0.2828879,0
0.5099664,0.1869777,0.2974074,0
0.5027966,0.1660166,0.2837672,0
0.4894737,0.1774523,0.3004576,0
0.500355,0.1545807,0.3261483,0
0.4871031,0.1659081,0.3016023,0
0.4924986,0.1751274,0.3163424,0
0.4852168,0.154138,0.302824,0
0.4906327,0.1633171,0.3176961,0
0.4833831,0.183726,0.3455976,0
0.4884033,0.1930578,0.3192326,0
0.5164758,0.162933,0.3362412,0
0.4860893,0.1812675,0.3209246,0
0.514001,0.1924074,0.3377749,0
0.5064486,0.1713093,0.3656978,0
0.5111164,0.1804193,0.3393481,0
0.5031905,0.1593887,0.3671525,0
0.5079433,0.1685948,0.3409442,0
0.5001807,0.1890245,0.3690765,0
0.5050401,0.1569257,0.3843341,0
0.4914599,0.1682696,0.3598894,0
0.5019374,0.1865608,0.3860512,0
0.4880013,0.1564581,0.3616421,0
0.4985652,0.174892,0.3873957,0
0.4846798,0.1863794,0.4042635,0
0.4890886,0.1957565,0.3777003,0
0.4805791,0.1748057,0.4055507,0
0.4846805,0.1840907,0.4203531,0
0.4714316,0.1953581,0.3937033,0
0.4811314,0.172738,0.4205371,0
0.4730419,0.1931813,0.4063298,0
0.4722934,0.1932285,0.4080186,0
0.469165,0.1812769,0.4067116,0
0.4552263,0.1925743,0.4227,0
0.4603914,0.1604284,0.4352032,0
0.4516817,0.180799,0.4222132,0
0.4566225,0.1901682,0.4363767,0
0.4491049,0.1694596,0.4221529,0
0.4539546,0.1788608,0.4363857,0
0.487432,0.1577446,0.4220696,0
0.4868204,0.1576705,0.423625,0
0.4792324,0.177913,0.4504599,0
0.4845074,0.1870516,0.4643998,0
0.4770021,0.1661043,0.4499089,0
0.4818741,0.1754784,0.463794,0
0.4683025,0.1868753,0.4380744,0
0.4791325,0.1640643,0.4625509,0
0.4657129,0.1753635,0.4777941,0
0.4583201,0.1957591,0.4627346,0
0.4634455,0.163704,0.4760308,0
0.4559958,0.1839926,0.460778,0
0.4611372,0.1932693,0.4738067,0
0.4659056,0.1611078,0.4867763,0
0.4579897,0.181425,0.4712745,0
0.4439032,0.192515,0.4860759,0
0.4544956,0.1692094,0.4687603,0
0.4409176,0.18024,0.483691,0
0.4516031,0.1980885,0.4664349,0
0.4377707,0.1674875,0.4814381,0
0.4424426,0.1762383,0.4947573,0
0.4345477,0.1963814,0.4796467,0
0.4394142,0.164082,0.4928127,0
0.4318433,0.184186,0.4775974,0
0.4367325,0.1932041,0.4908658,0
0.4290763,0.1720698,0.5171408,0
0.4569785,0.1831689,0.4910207,0
0.4208003,0.1923886,0.5046167,0
0.4549041,0.1714515,0.4900197,0
0.4598575,0.1808244,0.5037392,0
0.4522927,0.1598229,0.5301778,0
0.4574069,0.1689186,0.5023877,0
0.4504012,0.1894234,0.5285819,0
0.4560395,0.1986697,0.5005482,0
0.4430687,0.168728,0.5157804,0
0.4542112,0.1871583,0.5401667,0
0.4411725,0.1984778,0.5141813,0
0.4338349,0.1774461,0.5406479,0
0.4390115,0.1866508,0.5130069,0
0.4313854,0.1655869,0.5395176,0
0.4364665,0.1748218,0.5532246,0
0.4414797,0.1841865,0.525449,0
0.4337762,0.163422,0.5522556,0
0.4200959,0.1748824,0.5268709,0
0.4307736,0.1934264,0.5518878,0
0.4171527,0.1635238,0.5678728,0
0.4277588,0.181973,0.5517803,0
0.4141093,0.1933049,0.5681636,0
0.4191399,0.1611821,0.5412279,0
0.4116489,0.1814544,0.5685261,0
0.4165325,0.1906085,0.582791,0
0.4090725,0.1693926,0.5685964,0
0.4141936,0.1785903,0.5829572,0
0.4066759,0.1987752,0.5692263,0
0.4343871,0.1683947,0.5857058,0
0.4395336,0.1773365,0.6002478,0
0.4321908,0.1974814,0.5860917,0
0.4375598,0.1652025,0.6003524,0
0.4300911,0.1853263,0.5862691,0
0.4350967,0.1942537,0.6008037,0
0.4276899,0.1730568,0.5866048,0
0.4328608,0.1820081,0.6005498,0
0.4195687,0.1931034,0.6161488,0
0.4304409,0.1698514,0.5995194,0
0.4172259,0.1809369,0.6150997,0
0.4098074,0.1598897,0.6004321,0
0.4149611,0.1689305,0.6139407,0
0.407396,0.1891688,0.6402563,0
0.4123362,0.1983987,0.6123188,0
0.4173886,0.1662575,0.6257468,0
0.4099745,0.18651,0.6106942,0
0.3968174,0.1976821,0.6261393,0
0.4076827,0.1746397,0.6503129,0
0.3943688,0.1858279,0.6240103,0
0.4052266,0.1629479,0.6482624,0
0.3917874,0.1743286,0.622239,0
0.3843836,0.194636,0.648534,0
0.3894126,0.1626336,0.6617985,0
0.3946262,0.1718544,0.6335179,0
0.3872521,0.1923143,0.6594909,0
0.3922332,0.2014418,0.6312192,0
0.3846942,0.1803609,0.6571934,0
0.4126113,0.191724,0.6722151,0
0.4177954,0.2009255,0.6440311,0
0.4102984,0.1798881,0.6699964,0
0.4155768,0.1890043,0.6417471,0
0.4080361,0.1679828,0.6678412,0
0.4129933,0.1770233,0.6810113,0
0.4053507,0.1972469,0.6658573,0
0.4103052,0.1650352,0.679123,0
0.4027731,0.1853727,0.6638372,0
0.4076784,0.1944633,0.677152,0
0.3941131,0.1642138,0.6926204,0
0.3864509,0.1845002,0.6776052,0
0.3914998,0.1935945,0.6908579,0
0.3968614,0.16145,0.6617135,0
0.3834209,0.1726516,0.6770373,0
0.3941251,0.1909263,0.7014514,0
0.3804949,0.2020817,0.6755702,0
0.3728242,0.1810972,0.7020089,0
0.377727,0.1903194,0.6741682,0
0.3700631,0.1693105,0.7004886,0
0.3749315,0.1785122,0.7140656,0
0.3799147,0.1877734,0.6864436,0
0.3722167,0.166796,0.7128875,0
0.3586234,0.1779628,0.6869636,0
0.3693511,0.1963731,0.7116312,0
0.3557713,0.1663524,0.7273628,0
0.3664851,0.184843,0.7107998,0
0.3529707,0.1962122,0.72649,0
0.3579259,0.1643032,0.7401417,0
0.3917581,0.1849076,0.7254333,0
0.3554899,0.1943049,0.7390924,0
0.38913,0.1734531,0.7243553,0
0.3527113,0.1826557,0.7378817,0
0.3865573,0.2032163,0.7230533,0
0.3730849,0.1731798,0.7385435,0
0.3780845,0.1823666,0.751913,0
0.3705259,0.2026895,0.7368901,0
0.3756148,0.170482,0.750142,0
0.3682642,0.1908905,0.7350801,0
0.3733211,0.2000998,0.7484356,0
0.3658273,0.1790627,0.7333035,0
0.3710586,0.1883211,0.7465418,0
0.3575975,0.1994231,0.7614524,0
0.3685166,0.1763905,0.744325,0
0.3551835,0.1876368,0.7595086,0
0.3475727,0.1665576,0.7444435,0
0.3524528,0.1757706,0.7578706,0
0.3448689,0.1959519,0.7840579,0
0.3498957,0.2051731,0.7560419,0
0.3548465,0.1730372,0.7694729,0
0.3471123,0.1933523,0.7545124,0
0.3335096,0.2046304,0.7699639,0
0.3441195,0.1816544,0.7944973,0
0.3303321,0.1928349,0.7684538,0
0.340971,0.1698519,0.7931351,0
0.3684815,0.1812071,0.7671493,0
0.3317702,0.1905226,0.7807142,0
0.3650916,0.1695576,0.8070903,0
0.3284428,0.1788313,0.7794325,0
0.3620123,0.1993438,0.8058596,0
0.3253905,0.2086748,0.8194388,0
0.358801,0.187916,0.8045019,0
0.3450024,0.1993273,0.8199114,0
0.3497449,0.2087144,0.7919334,0
0.3418817,0.1879332,0.8182657,0
0.3465432,0.1972669,0.8315864,0
0.3387138,0.1762735,0.8163351,0
0.3433808,0.1854834,0.8296465,0
0.3354495,0.2059003,0.8144051,0
0.3401946,0.1737034,0.8273924,0
0.3266234,0.1849912,0.8424857,0
0.3371376,0.2032115,0.8253018,0
0.3232779,0.1731494,0.8406044,0
0.315314,0.1934642,0.8255961,0
0.3198258,0.2026538,0.8389992,0
0.3117449,0.1815369,0.8239614,0
0.3163784,0.1907141,0.837437,0
0.3209503,0.1999322,0.8509248,0
0.3130984,0.1790891,0.8358605,0
0.2992973,0.1903473,0.8512235,0
0.3098962,0.2086862,0.8344256,0
0.2960173,0.178759,0.8500157,0
0.3066922,0.1973646,0.8332189,0
0.3345126,0.2088156,0.8486707,0
0.2982431,0.1769644,0.8622485,0
0.3321999,0.1975686,0.8473775,0
0.2954431,0.2072769,0.8610265,0
0.3290938,0.1868414,0.8461275,0
0.2931384,0.1966741,0.8589075,0
0.3276036,0.1760755,0.8836841,0
0.9078014,0.7730466,0.2525042,0
0.9059874,0.7985207,0.2460597,0
0.9114504,0.8055657,0.2572807,0
0.9049034,0.7822318,0.2400806,0
0.9106236,0.7890901,0.2515238,0
0.9032182,0.7663032,0.2346429,0
0.9114211,0.7561899,0.2613609,0
0.9094364,0.7893603,0.2572363,0
0.9021451,0.770786,0.2411333,0
0.9073656,0.7823168,0.2539057,0
0.9002012,0.8047521,0.2800923,0
0.9058632,0.7744619,0.2528189,0
0.8990278,0.7962045,0.2801247,0
0.9044486,0.8064305,0.2539548,0
0.8913916,0.7769434,0.2709392,0
0.90256,0.7952031,0.2970192,0
0.8896668,0.8052154,0.2732263,0
0.8954511,0.7723053,0.2865401,0
0.8887067,0.7885584,0.275793,0
0.8878964,0.7681494,0.3182609,0
0.8935449,0.7722743,0.2908677,0
0.8863236,0.7461013,0.3168502,0
0.8912026,0.7499804,0.2876628,0
0.883199,0.7653789,0.3121935,0
0.9103537,0.7722354,0.3250718,0
0.9057766,0.7528701,0.314796,0
0.9098601,0.7583162,0.2811393,0
0.9015825,0.7340012,0.3010015,0
0.905977,0.7399418,0.30743,0
0.8976407,0.716552,0.2848787,0
0.8968115,0.7155805,0.2823904,0
0.8883731,0.7353232,0.2598107,0
0.8926061,0.7442827,0.2657233,0
0.8840595,0.7246805,0.2847383,0
0.8880699,0.736454,0.2504455,0
0.8793173,0.7189224,0.2704937,0
0.8828515,0.7326533,0.2779821,0
0.8678047,0.7487837,0.2463909,0
0.8768788,0.7723863,0.2663619,0
0.861945,0.7477873,0.2371274,0
0.8531316,0.7734764,0.2612266,0
0.8574483,0.7876139,0.2738934,0
0.8493616,0.7711443,0.2589233,0
0.8542123,0.784243,0.2733637,0
0.8592876,0.7967176,0.2467727,0
0.8522528,0.7781219,0.2752826,0
0.88122,0.7905339,0.2936794,0
0.8522881,0.7679036,0.2800512,0
0.8821449,0.7781026,0.2988308,0
0.8537135,0.794496,0.2849778,0
0.8833914,0.7617499,0.3030459,0
0.8488826,0.7679074,0.3187253,0
0.8841048,0.7841583,0.3051396,0
0.8904868,0.7885788,0.3198385,0
0.8840463,0.7625967,0.3056494,0
0.8898568,0.7661621,0.3194056,0
0.883026,0.7393535,0.3036383,0
0.8702011,0.7446069,0.3167078,0
0.8756692,0.7482804,0.3264565,0
0.8682997,0.7226757,0.3063366,0
0.8733476,0.7279183,0.3126084,0
0.8656945,0.7458495,0.2889071,0
0.8703799,0.7120953,0.2935233,0
0.8622319,0.7319639,0.2690323,0
0.8663378,0.7418563,0.2731666,0
0.8517596,0.7137356,0.2795723,0
0.8611984,0.7360519,0.2550479,0
0.8458174,0.7526316,0.2641646,0
0.8365175,0.7374054,0.2442963,0
0.8403296,0.752977,0.2552134,0
0.8318072,0.7795796,0.2803324,0
0.8363482,0.7531008,0.2527919,0
0.8416796,0.766598,0.2676598,0
0.8349677,0.7902068,0.2959288,0
0.864507,0.7616875,0.2727678,0
0.8361239,0.7803543,0.3002686,0
0.8664901,0.7900918,0.2778729,0
0.8388348,0.7639671,0.3059162,0
0.8694455,0.7712926,0.3241543,0
0.8359536,0.7750491,0.2980995,0
0.8722702,0.7482513,0.3247761,0
0.8792363,0.7510927,0.295177,0
0.8734046,0.7237339,0.3187881,0
0.8796085,0.7267879,0.3278965,0
0.872745,0.7411566,0.3073117,0
0.859912,0.7468269,0.3162652,0
0.8651255,0.710466,0.2800747,0
0.8574813,0.7280274,0.2969701,0
0.8617478,0.7359337,0.3008593,0
0.8531667,0.7157022,0.2764072,0
0.8572742,0.7277951,0.2806854,0
0.8487954,0.7108421,0.2570061,0
0.8528669,0.7264413,0.2626845,0
0.8389767,0.7449112,0.2716742,0
0.8501887,0.7294616,0.2496831,0
0.8377306,0.748886,0.2617322,0
0.8317794,0.7773157,0.2443114,0
0.8392355,0.7527596,0.2559839,0
0.8343638,0.7801413,0.2403383,0
0.8420784,0.7956623,0.2534967,0
0.8373051,0.7799817,0.2391748,0
0.8456782,0.7933134,0.2548716,0
0.877385,0.8068023,0.2732319,0
0.8502734,0.7850634,0.2584164,0
0.8803568,0.7972751,0.2744626,0
0.8506539,0.8161029,0.2972445,0
0.8787023,0.7852147,0.2687528,0
0.8710954,0.8034233,0.2919173,0
0.8753807,0.8089558,0.2592653,0
0.8798688,0.7714589,0.2664082,0
0.8717555,0.7852268,0.2855277,0
0.8757365,0.7869765,0.2500121,0
0.8665079,0.7576457,0.2686967,0
0.8508571,0.7609911,0.2366355,0
0.8584213,0.772645,0.2572397,0
0.8417952,0.736967,0.2707897,0
0.8442016,0.7412283,0.2432064,0
0.8348252,0.7576743,0.2725352,0
0.8394514,0.723745,0.2449803,0
0.8300216,0.7400361,0.280164,0
0.8351246,0.7461451,0.299529,0
0.8294026,0.7219071,0.2922402,0
0.8301725,0.7202263,0.2971328,0
0.8253859,0.7373122,0.288949,0
0.8336518,0.7027675,0.3081073,0
0.8305357,0.7215257,0.3431557,0
0.8259995,0.7018554,0.331562,0
0.8336998,0.7136714,0.3470731,0
0.8407428,0.7276992,0.3189342,0
0.8342721,0.7130924,0.343013,0
0.8627954,0.7277285,0.3555448,0
0.8263537,0.7441447,0.3244748,0
0.8302206,0.761197,0.3333015,0
0.8208272,0.7475966,0.3129748,0
0.823538,0.7630449,0.3198425,0
0.8552188,0.7879175,0.3392206,0
0.8399818,0.7606565,0.3061978,0
0.8499932,0.7793461,0.3247768,0
0.8363482,0.7897319,0.2950467,0
0.8415053,0.7558873,0.3063518,0
0.833177,0.7754181,0.3296918,0
0.8367984,0.7846758,0.2985522,0
0.8287247,0.7623648,0.3233566,0
0.7641012,0.7518784,0.3078899,0
0.7596808,0.7329633,0.2896321,0
0.7678527,0.7442266,0.3005339,0
0.7633746,0.7662053,0.2838269,0
0.7711895,0.7355636,0.296232,0
0.7660595,0.7571306,0.3227034,0
0.7961728,0.7693424,0.2974896,0
0.8032126,0.7374377,0.3127189,0
0.7977286,0.7574705,0.2995385,0
0.8045767,0.7653455,0.3141165,0
0.7983799,0.7425132,0.3408512,0
0.8048639,0.7489314,0.3134534,0
0.7989636,0.7654056,0.3404652,0
0.8055298,0.7290392,0.3130649,0
0.7935776,0.7352914,0.3280604,0
0.8059222,0.7483985,0.3513882,0
0.7939323,0.7127453,0.3228825,0
0.7879753,0.7278724,0.344962,0
0.7946457,0.732403,0.3111313,0
0.7887034,0.707453,0.3294666,0
0.7951086,0.7135553,0.3342452,0
0.8012171,0.7207114,0.2977423,0
0.7945747,0.6990085,0.3154849,0
0.7817833,0.7119072,0.2813809,0
0.7930286,0.7329974,0.2981256,0
0.7800537,0.7075494,0.3068537,0
0.7915546,0.7321694,0.2849312,0
0.7785464,0.7504807,0.29643,0
0.7843573,0.7257646,0.2654858,0
0.7776269,0.75383,0.2902874,0
0.7836693,0.7703863,0.3028668,0
0.7774078,0.7561945,0.2877239,0
0.7839701,0.7713959,0.3019637,0
0.778381,0.7551355,0.2890938,0
0.8086323,0.7699664,0.3072215,0
0.7804415,0.7911718,0.2930958,0
0.8109121,0.7623746,0.3115466,0
0.8190024,0.7703139,0.3277189,0
0.814648,0.788654,0.3148575,0
0.8230352,0.7940496,0.3299347,0
0.8185387,0.7683378,0.3158281,0
0.8262902,0.7718287,0.3282273,0
0.8214091,0.7453315,0.3518992,0
0.8288039,0.7498355,0.3179067,0
0.817772,0.757369,0.3247783,0
0.8122967,0.7340942,0.2997429,0
0.8185453,0.7423663,0.3015284,0
0.811667,0.7632998,0.3160633,0
0.8169843,0.7332245,0.2768891,0
0.809591,0.7572953,0.2934855,0
0.8146732,0.7717562,0.2582915,0
0.8016123,0.7474749,0.2677883,0
0.8133983,0.772081,0.2885541,0
0.8014672,0.7899181,0.2609212,0
0.8140331,0.7736331,0.2848092,0
0.8026036,0.7911747,0.260161,0
0.7969871,0.817329,0.2888955,0
0.8043451,0.7898122,0.3061681,0
0.8120468,0.8016256,0.2826695,0
0.8072892,0.8228337,0.3135243,0
0.8157001,0.7887275,0.2903516,0
0.8117254,0.8052718,0.3207553,0
0.8438016,0.8100627,0.3391064,0
0.8174741,0.779262,0.3243027,0
0.8490788,0.781093,0.3399109,0
0.8571692,0.7808626,0.3105606,0
0.8511215,0.7506329,0.3329856,0
0.8567087,0.7519416,0.3424243,0
0.8486848,0.7240692,0.323064,0
0.8514201,0.7293255,0.3314141,0
0.8400826,0.7471066,0.3125691,0
0.7789797,0.5330377,0.7925447,0
0.7728456,0.5111861,0.7760866,0
0.7795815,0.5194578,0.7877796,0
0.7739124,0.4973453,0.7701744,0
0.7809205,0.505153,0.781207,0
0.7697412,0.5146899,0.7939606,0
0.7828234,0.5313503,0.7742631,0
0.7712724,0.4996624,0.7867497,0
0.7656801,0.5190424,0.7689179,0
0.7722806,0.5279226,0.7801639,0
0.7654318,0.5066068,0.7639104,0
0.7702948,0.5162938,0.7771484,0
0.7747636,0.5265435,0.7908882,0
0.7657433,0.5069149,0.7768971,0
0.7501656,0.5194535,0.7935075,0
0.7575775,0.4980485,0.7779415,0
0.7813451,0.5109176,0.7944564,0
0.7459114,0.530423,0.7779363,0
0.768505,0.5004912,0.7931075,0
0.7559587,0.5199476,0.8183824,0
0.7566803,0.5267774,0.7882233,0
0.7176282,0.5310823,0.7978463,0
0.7490422,0.5051011,0.7784663,0
0.7122706,0.5081657,0.7856154,0
0.7470099,0.4810629,0.8043733,0
0.7353294,0.4871516,0.7706512,0
0.7432722,0.4928463,0.7762344,0
0.7393497,0.4694809,0.7532775,0
0.7487946,0.4775539,0.7590827,0
0.746208,0.4984885,0.7786709,0
0.7565705,0.4689021,0.7455349,0
0.7545152,0.4926952,0.7669754,0
0.76538,0.5067394,0.776208,0
0.7576145,0.4822145,0.7466241,0
0.7735856,0.5068305,0.7685448,0
0.763998,0.5247789,0.7413073,0
0.7591925,0.5104104,0.767727,0
0.7658691,0.5260552,0.7822009,0
0.758886,0.5108498,0.7685251,0
0.7627606,0.5243075,0.7837383,0
0.7531242,0.5470147,0.7710252,0
0.7550819,0.5572507,0.7869118,0
0.7788415,0.5262242,0.8046411,0
0.7436561,0.5426693,0.7897801,0
0.7659721,0.5503327,0.8067431,0
0.7300187,0.5226711,0.7905043,0
0.7533143,0.5283156,0.8045934,0
0.7134417,0.5317225,0.8154024,0
0.7454778,0.5048396,0.7961354,0
0.7089109,0.5083455,0.8040926,0
0.7434056,0.4819619,0.7824612,0
0.7090755,0.4862466,0.7886526,0
0.7460219,0.5029815,0.7661678,0
0.736586,0.4702715,0.7738025,0
0.7532005,0.4876165,0.7488357,0
0.7460374,0.4995787,0.756637,0
0.7573014,0.5106838,0.7637925,0
0.7560318,0.4934311,0.7437211,0
0.7671138,0.5072779,0.7532821,0
0.7651841,0.4917495,0.7352977,0
0.775178,0.5075393,0.7470024,0
0.7718612,0.5344828,0.7723257,0
0.7799778,0.5090719,0.744548,0
0.7677323,0.5235585,0.7594233,0
0.7740537,0.5390934,0.7741398,0
0.766149,0.5233451,0.761181,0
0.7695203,0.5368829,0.7768849,0
0.7525464,0.5508553,0.7948243,0
0.758839,0.5703013,0.7802854,0
0.7406242,0.5397335,0.7970017,0
0.7694917,0.5585163,0.7829288,0
0.7281002,0.5650565,0.7961555,0
0.7568723,0.5395389,0.7798119,0
0.7161865,0.5437785,0.7904066,0
0.7174557,0.5481834,0.8001506,0
0.7066988,0.5218592,0.7805833,0
0.7330962,0.5275828,0.7900137,0
0.702442,0.4992953,0.7666299,0
0.7317994,0.505137,0.7744613,0
0.7036183,0.518313,0.7909527,0
0.7355489,0.4841354,0.7567228,0
0.7455873,0.4902822,0.7622178,0
0.7433441,0.5086851,0.7396768,0
0.754963,0.4774977,0.7468807,0
0.7538792,0.4996109,0.7676998,0
0.7658767,0.5123949,0.7354733,0
0.7650855,0.4957514,0.7581187,0
0.7581473,0.5126216,0.7293643,0
0.7688205,0.5287977,0.7411284,0
0.7656846,0.5148349,0.7662234,0
0.7743378,0.5308231,0.7376621,0
0.7683201,0.5568745,0.7641767,0
0.7734331,0.529498,0.7373601,0
0.7638733,0.5530325,0.7653802,0
0.7656093,0.5639358,0.7802359,0
0.7482009,0.534534,0.7551807,0
0.7542312,0.5517284,0.7799736,0
0.7356874,0.5604903,0.7538078,0
0.7635372,0.5354412,0.779216,0
0.7214715,0.53958,0.7907355,0
0.7502623,0.5126036,0.7726693,0
0.7095416,0.5157938,0.781929,0
0.7118204,0.518619,0.74876,0
0.7033153,0.5329524,0.7694473,0
0.7322883,0.4974767,0.7786157,0
0.7051678,0.5114781,0.7550739,0
0.7373672,0.518947,0.7637995,0
0.7131407,0.4934631,0.7404314,0
0.7489206,0.5043625,0.7505203,0
0.76197,0.5145772,0.7587163,0
0.7622169,0.4950392,0.7381722,0
0.7751493,0.5082621,0.7480605,0
0.7746912,0.4921369,0.7302238,0
0.7857268,0.5074136,0.7420952,0
0.7825337,0.5339916,0.7262102,0
0.7722729,0.510042,0.7412101,0
0.778846,0.5249639,0.7549756,0
0.770453,0.5502328,0.741029,0
0.7744499,0.5640854,0.755213,0
0.7636119,0.546403,0.7412354,0
0.7638054,0.5579571,0.7553527,0
0.7504482,0.538288,0.7818211,0
0.7482214,0.5470978,0.7532688,0
0.7268227,0.5563698,0.7672852,0
0.7300876,0.5303929,0.7481676,0
0.7096562,0.5372826,0.7602001,0
0.7377784,0.5527325,0.7826109,0
0.6967934,0.5149145,0.7498462,0
0.7272942,0.5290721,0.7702798,0
0.690484,0.5321813,0.7368358,0
0.6972128,0.4944978,0.7446654,0
0.6929914,0.5100045,0.7654392,0
0.7268449,0.5173902,0.7342244,0
0.703357,0.4918589,0.7539671,0
0.7397529,0.5019612,0.7236188,0
0.7187399,0.5208566,0.7445885,0
0.7561999,0.4931361,0.7572248,0
0.7702343,0.5068316,0.7275022,0
0.7706227,0.5323127,0.7524644,0
0.7815168,0.506435,0.7243003,0
0.778506,0.5328068,0.7505465,0
0.7868714,0.547862,0.7643757,0
0.7817114,0.532221,0.7498142,0
0.7686421,0.5477108,0.7659323,0
0.7774167,0.5278965,0.7498454,0
0.7608128,0.5416932,0.7658389,0
0.7606999,0.5520266,0.7794954,0
0.7469983,0.5306819,0.7640851,0
0.7457118,0.5380931,0.7758664,0
0.7316256,0.5559157,0.7590215,0
0.7174694,0.5305917,0.7820028,0
0.7139413,0.528156,0.7813548,0
0.7136906,0.5316323,0.7487862,0
0.7025309,0.5461766,0.7700107,0
0.7353057,0.515861,0.7478008,0
0.6999979,0.5221896,0.7573552,0
0.7103521,0.5269786,0.7658391,0
0.7446873,0.4945073,0.7351032,0
0.7207483,0.5122544,0.7549333,0
0.7541975,0.525948,0.7664332,0
0.7509703,0.5090536,0.7479794,0
0.1180094,0.6044475,0.4660023,0
0.1262678,0.6114683,0.4355534,0
0.1222278,0.629691,0.4594171,0
0.1309965,0.5957378,0.4703606,0
0.1630991,0.6051789,0.4420314,0
0.1372165,0.6219413,0.4641826,0
0.1703921,0.5909593,0.4359314,0
0.1456904,0.6086413,0.4582385,0
0.1801851,0.6196542,0.4715866,0
0.180113,0.5986159,0.454646,0
0.193062,0.6081596,0.4661217,0
0.2064598,0.6181266,0.4363995,0
0.2075784,0.5980809,0.4611258,0
0.221798,0.6091588,0.4728516,0
0.2233219,0.632581,0.4560802,0
0.2187778,0.6062503,0.4697487,0
0.2383167,0.6292974,0.451239,0
0.2329646,0.6457332,0.464787,0
0.2453022,0.6196071,0.4765074,0
0.2445623,0.6462788,0.4597838,0
0.2557564,0.6625022,0.4714968,0
0.2541377,0.6492159,0.4546709,0
0.2642133,0.6664881,0.466216,0
0.260538,0.6540489,0.4491502,0
0.2687014,0.67211,0.4603172,0
0.2570935,0.6923654,0.4735914,0
0.2505405,0.7217355,0.456521,0
0.2555986,0.6989044,0.4675135,0
0.2474383,0.7287747,0.4503059,0
0.2505056,0.7472569,0.4611876,0
0.2403825,0.7354817,0.4432751,0
0.2418396,0.7534475,0.453843,0
0.2296364,0.7407663,0.4773647,0
0.2296208,0.7581929,0.4465879,0
0.2519093,0.7769199,0.4587111,0
0.2152196,0.7607566,0.4800189,0
0.2365031,0.7781687,0.4506888,0
0.2217363,0.8038574,0.4738646,0
0.2188624,0.7761545,0.4429365,0
0.2031998,0.7999681,0.4663252,0
0.1997042,0.8120482,0.4768368,0
0.1958028,0.8229822,0.4459832,0
0.1791537,0.8030221,0.469418,0
0.1566796,0.8146102,0.4405245,0
0.1584771,0.7910817,0.4619318,0
0.136091,0.8004905,0.474412,0
0.1320043,0.807487,0.4435534,0
0.1154983,0.783489,0.4666558,0
0.1120259,0.7887408,0.4357786,0
0.09659833,0.8044643,0.4591459,0
0.09418166,0.7669779,0.469398,0
0.09869726,0.6421924,0.4439896,0
0.09418166,0.6484289,0.4578887,0
0.09671064,0.6235604,0.4415206,0
0.1120723,0.6302196,0.4536126,0
0.1277907,0.6377966,0.4659236,0
0.1312792,0.6166432,0.4495634,0
0.1470989,0.6275423,0.4617231,0
0.1501121,0.6503885,0.4451602,0
0.1475174,0.6241207,0.4589573,0
0.1689049,0.6470487,0.4404269,0
0.1653019,0.6636667,0.4539726,0
0.1792088,0.6378984,0.465384,0
0.1782764,0.6659324,0.4483151,0
0.1888034,0.6833647,0.4596221,0
0.1851913,0.6708583,0.4423523,0
0.1919233,0.6890079,0.4536566,0
0.1851307,0.6769107,0.4363181,0
0.1886592,0.6949476,0.4469957,0
0.1733407,0.7145083,0.4594417,0
0.2039078,0.7426484,0.4414049,0
0.2052102,0.717752,0.4519116,0
0.1936778,0.7446867,0.4336114,0
0.1944786,0.7596007,0.443881,0
0.1822743,0.7435507,0.4669368,0
0.1817979,0.7565237,0.4355486,0
0.1624547,0.7705461,0.4474743,0
0.1671608,0.748832,0.4272423,0
0.1475422,0.76063,0.439333,0
0.152482,0.7371049,0.4605472,0
0.1333551,0.7466513,0.4311759,0
0.1201191,0.7640603,0.4541647,0
0.1197016,0.7279538,0.4229074,0
0.1196045,0.7323638,0.4331742,0
0.1077432,0.7468594,0.4564874,0
0.1092724,0.7496589,0.4257496,0
0.0995994,0.7214404,0.4494486,0
0.09578362,0.6948108,0.4431166,0
0.0908521,0.7005544,0.4262052,0
0.09642006,0.6770247,0.4215673,0
0.09439407,0.6922889,0.4466658,0
0.1057533,0.6560637,0.4588776,0
0.1050932,0.6731454,0.4428742,0
0.1176602,0.6810289,0.455178,0
0.1116828,0.6510211,0.4280249,0
0.1529361,0.6732063,0.4530025,0
0.1649788,0.68615,0.4650483,0
0.1324802,0.6970747,0.4350601,0
0.1744373,0.6832348,0.4602676,0
0.1698416,0.7104159,0.4432094,0
0.1769195,0.6849459,0.4541993,0
0.1643756,0.7026324,0.4665177,0
0.1754515,0.7269218,0.4457347,0
0.8787451,0.7489238,0.785157,0
0.7243204,0.308213,0.832294,0
0.7392792,0.9343953,0.3496279,0
0.8241557,0.09562956,0.7596885,0
0.1489368,0.2891106,0.5764032,0
0.9081773,0.8065827,0.9271224,0
0.1342388,0.06062382,0.4523017,0
0.6586305,0.7993686,0.3021889,0
0.6255884,0.1724736,0.928773,0
0.4354904,0.5281438,0.764764,0
0.829957,0.4383337,0.0482561,0
0.08004447,0.7724026,0.4441993,0
0.6987802,0.1311509,0.7102152,0
0.3308465,0.6713936,0.6325617,0
0.7253934,0.2059614,0.9292028,0
0.9505786,0.2727751,0.3772327,0
0.346254,0.6819924,0.2311935,0
0.1872206,0.3317225,0.8501371,0
0.5989893,0.4858661,0.7461222,0
0.7505671,0.9064631,0.8185591,0
0.1789685,0.6535828,0.2696346,0
0.06423599,0.1982167,0.4176132,0
0.07974961,0.8975208,0.3144532,0
0.5803699,0.6808567,0.4748046,0
0.626323,0.4067919,0.7839757,0
0.3105356,0.3723626,0.9037769,0
0.6577451,0.1851769,0.3808968,0
0.2236605,0.4835727,0.6641302,0
0.6312501,0.2218288,0.2141536,0
0.9385655,0.8363732,0.4002439,0
0.4099042,0.7558048,0.7712432,0
0.1752999,0.6045353,0.2420435,0
0.05169328,0.3640561,0.3765311,0
0.6641217,0.6236707,0.3235437,0
0.6740331,0.2065316,0.3465501,0
0.05298752,0.6581933,0.6221377,0
0.2643416,0.4226151,0.317167,0
0.7621021,0.8687393,0.5516738,0
0.4541094,0.3777091,0.8368851,0
0.1397892,0.4142462,0.9107186,0
0.4113745,0.670239,0.5664443,0
0.6048769,0.9112447,0.4027675,0
0.755317,0.4652459,0.1056964,0
0.7764428,0.6068878,0.7047703,0
0.6848899,0.2805845,0.8225554,0
0.5733402,0.3094667,0.8864443,0
0.2554753,0.2989955,0.3394892,0
0.1198189,0.5697739,0.8802,0
0.9434148,0.6942106,0.234815,0
0.2118208,0.2186007,0.2472223,0
0.4412719,0.5409928,0.3038142,0
0.5546338,0.1026886,0.8734459,0
0.5931993,0.4389031,0.3385217,0
0.7277553,0.6980663,0.7262945,0
0.4121169,0.9198915,0.1285804,0
0.2428026,0.2377828,0.9430846,0
0.5628044,0.7144442,0.1883487,0
0.6705188,0.875734,0.2124785,0
0.5149013,0.8249272,0.4118794,0
0.05726504,0.5476429,0.08325337,0
0.7641137,0.3618684,0.1721788,0
0.3324865,0.123831,0.8351387,0
0.3381079,0.7195438,0.1974586,0
0.6252074,0.381012,0.3209275,0
0.3690945,0.4955766,0.1561014,0
0.6235158,0.1986304,0.40275,0
0.4107533,0.1639423,0.3277858,0
0.2230045,0.6187233,0.1808018,0
0.437654,0.124858,0.4142686,0
0.925873,0.4762573,0.2220953,0
0.5807925,0.828201,0.2868991,0
0.6678599,0.3921979,0.4225933,0
0.4026545,0.8710858,0.8092447,0
0.45961,0.08962674,0.7895782,0
0.5777859,0.4443166,0.4321129,0
0.9198895,0.09724999,0.7403867,0
0.7293699,0.4354978,0.456113,0
0.4405517,0.5355532,0.3710022,0
0.4570063,0.8904582,0.1204239,0
0.4588643,0.894834,0.6557832,0
0.4779388,0.4215676,0.8648444,0
0.692394,0.5810351,0.5459791,0
0.697687,0.8793234,0.1089182,0
0.1907572,0.5717204,0.4127891,0
0.6279255,0.929801,0.6623746,0
0.8417796,0.6419967,0.2931757,0
0.6783409,0.5017413,0.04988867,0
0.9099496,0.07649368,0.7750196,0
0.6987019,0.2046795,0.9179019,0
0.5490505,0.1322793,0.8007642,0
0.6794517,0.4778765,0.8076222,0
0.663942,0.8424351,0.6313831,0
0.2071073,0.6025303,0.7364874,0
0.5448787,0.3233474,0.7586197,0
0.1075003,0.2730832,0.4310636,0
0.5007088,0.4095125,0.7150791,0
0.6268458,0.2977813,0.9271016,0
0.5259188,0.3720396,0.1395243,0
0.9308768,0.04551681,0.5684908,0
0.246357,0.8045043,0.9041975,0
0.4594301,0.7049597,0.8439336,0
0.3323597,0.4568885,0.1217808,0
0.2137311,0.5101742,0.6680938,0
0.6555259,0.1071719,0.270199,0
0.5210759,0.2946072,0.3684762,0
0.5051298,0.5678964,0.9479567,0
0.5193958,0.9423181,0.540018,0
0.8972878,0.3043057,0.8139742,0
0.05380993,0.4932221,0.6093383,0
0.05831652,0.256901,0.2772124,0
0.4392428,0.625084,0.8977925,0
0.2893948,0.5764418,0.6353652,0
0.4983529,0.05494856,0.4548883,0
0.4657542,0.3276104,0.4187475,0
0.4153174,0.6231793,0.1241262,0
0.338797,0.6041159,0.3610612,0
0.8155232,0.2393298,0.3565636,0
0.2404076,0.3727061,0.4779901,0
0.3007752,0.7888916,0.7617126,0
0.5999934,0.7104634,0.7760687,0
0.5779734,0.2042371,0.1007405,0
0.2477942,0.37337,0.6429699,0
0.809427,0.852442,0.2159356,0
0.07513373,0.8555592,0.2522897,0
0.1778881,0.3255205,0.6312091,0
0.345065,0.5700364,0.7808611,0
0.5586536,0.2194638,0.6860549,0
0.05479947,0.3023986,0.4353777,0
0.6537845,0.2804602,0.569798,0
0.6954528,0.8705703,0.8880173,0
0.7804835,0.6004563,0.7935584,0
0.4252091,0.5647404,0.1207753,0
0.286314,0.1352514,0.9465157,0
0.7336066,0.7233061,0.7778003,0
0.756953,0.6415139,0.5078204,0
0.3472187,0.8925545,0.8918739,0
0.7787511,0.06576946,0.2645481,0
0.1117143,0.6839685,0.7769915,0
0.9501306,0.9320625,0.3652241,0
0.6300769,0.6375992,0.2980492,0
0.4021105,0.7196302,0.8604718,0
0.4368744,0.3063731,0.1232135,0
0.4498821,0.4909196,0.7722456,0
0.3294449,0.407056,0.6327079,0
0.04756455,0.5383387,0.9094612,0
0.6197951,0.3253764,0.4799525,0
0.4397924,0.6762673,0.8697816,0
0.8942666,0.1033082,0.6179757,0
0.5313613,0.1063079,0.6945301,0
0.4021386,0.1642905,0.4869814,0
0.6254386,0.7499397,0.3175512,0
0.6625254,0.3720052,0.1360527,0
0.7756903,0.2640689,0.6865982,0
0.8425707,0.06729685,0.4580565,0
0.497536,0.1479383,0.1505333,0
0.3248269,0.05386073,0.1114474,0
0.2910848,0.8892773,0.2829871,0
0.9176309,0.5112409,0.1960723,0
0.627156,0.6067163,0.4475336,0
0.2434009,0.1103237,0.2157749,0
0.3020687,0.2312677,0.7588669,0
0.8842204,0.3076026,0.903545,0
0.1806265,0.8541717,0.4332599,0
0.6300888,0.6113889,0.2593835,0
0.2343223,0.5050605,0.4387348,0
0.906696,0.4284803,0.8617813,0
0.945365,0.8791905,0.6133198,0
0.4965836,0.3372694,0.9030611,0
0.2303674,0.4396254,0.9456182,0
0.3878762,0.4003773,0.4230057,0
0.9099717,0.876064,0.7853545,0
0.1019639,0.2766363,0.7624589,0
0.2691888,0.9470209,0.6637489,0
0.1983827,0.8508921,0.1466249,0
0.1206278,0.3664397,0.3214121,0
0.7409489,0.6258161,0.5627252,0
0.9202504,0.2329851,0.6156434,0
0.105112,0.7975692,0.6418635,0
0.2603486,0.3805501,0.4004587,0
0.7023576,0.6530387,0.4996893,0
0.6798108,0.188151,0.2358774,0
0.2803318,0.7337422,0.5102186,0
0.1842102,0.822428,0.229103,0
0.6523314,0.3263345,0.8203005,0
0.8960763,0.7578345,0.3090016,0
0.5536624,0.6535599,0.6499514,0
0.688167,0.8043628,0.0846213,0
0.2887152,0.6893829,0.8552334,0
0.6977404,0.7672753,0.6856412,0
0.5504773,0.3227672,0.7209631,0
0.6237032,0.4013062,0.7633725,0
0.05687208,0.8265936,0.07604616,0
0.205094,0.3173388,0.1028927,0
0.7222952,0.1328435,0.9304101,0
0.8291036,0.1613422,0.1938184,0
0.3723828,0.3702745,0.8968811,0
0.8986685,0.4476188,0.6494544,0
0.8045269,0.425045,0.886621,0
0.8305315,0.3239591,0.3793239,0
0.2244599,0.4082835,0.7031506,0
0.814588,0.05311011,0.05261596,0
0.5133486,0.07916968,0.3459971,0
0.5668981,0.3738264,0.5897689,0
0.542778,0.5226489,0.1854781,0
0.254517,0.1970631,0.7085839,0
0.6740385,0.9130368,0.1037757,0
0.593036,0.414217,0.2481975,0
0.3265439,0.2936824,0.09777748,0
0.9351018,0.1045296,0.2062267,0
0.1259955,0.5466774,0.8693848,0
0.8838238,0.06573816,0.1177181,0
0.5574379,0.7099992,0.4988444,0
0.1624541,0.09953679,0.7853702,0
0.9340138,0.666691,0.8158744,0
0.2174945,0.1650063,0.3854972,0
0.322615,0.316915,0.09649801,0
0.5392994,0.3464471,0.3400722,0
0.8088933,0.8355796,0.7329036,0
0.856377,0.7943044,0.8899373,0
0.4497235,0.7578948,0.5348707,0
0.2289975,0.5128159,0.5430016,0
0.6103005,0.8306324,0.6613199,0
0.922529,0.1349653,0.7661114,0
0.4314235,0.4025781,0.8619934,0
0.5190218,0.2920434,0.1195993,0
0.3938497,0.4455098,0.5153242,0
0.1959459,0.1862521,0.1691376,0
0.7110487,0.3226462,0.05726133,0
0.6858418,0.4164625,0.477282,0
0.461963,0.6813509,0.09413385,0
0.5308608,0.07294337,0.2879709,0
0.3994013,0.5768903,0.759243,0
0.3423072,0.8799965,0.09086144,0
0.9461929,0.8316506,0.7561362,0
0.8550976,0.3985018,0.222764,0
0.583569,0.5317016,0.8237727,0
0.09251633,0.4853691,0.3624769,0
0.473429,0.722918,0.7092155,0
0.04946437,0.2015087,0.2702995,0
0.1890548,0.07886484,0.1168439,0
0.3644673,0.08798712,0.0895584,0
0.7744638,0.5543183,0.6009873,0
0.05235037,0.1659745,0.1147339,0
0.4905758,0.8166934,0.5762824,0
0.4682624,0.6651222,0.7783206,0
0.6502541,0.9426761,0.5679761,0
0.05325151,0.5297877,0.1916175,0
0.3336817,0.4285527,0.6099615,0
0.684212,0.4883283,0.9379303,0
0.4680524,0.7996285,0.9304483,0
0.7523472,0.2217872,0.8107171,0
0.5548311,0.1749541,0.3008227,0
0.3333283,0.2354299,0.5747267,0
0.5270553,0.5954383,0.9182709,0
0.8159758,0.5172742,0.3392062,0
0.07424976,0.09033077,0.158411,0
0.07045804,0.5156816,0.2181237,0
0.7567925,0.3439718,0.1029619,0
0.3190422,0.1881346,0.2318155,0
0.4892727,0.6449643,0.2989501,0
0.3131136,0.7714659,0.5457932,0
0.5422241,0.8496829,0.852968,0
0.7148521,0.9055337,0.3713706,0
0.7495254,0.6053779,0.8297196,0
0.5429726,0.4921154,0.3571184,0
0.3893705,0.9442554,0.3710454,0
0.3363739,0.541532,0.3019674,0
0.4941122,0.7776337,0.546133,0
0.6627893,0.9354267,0.6305394,0
0.3139476,0.6596936,0.2765316,0
0.5405161,0.3823401,0.8186048,0
0.7797468,0.8762228,0.7202641,0
0.4207529,0.3693149,0.2056103,0
0.9043811,0.08453984,0.6738309,0
0.7765825,0.4834715,0.2591687,0
0.678557,0.9337043,0.7523842,0
0.3947181,0.3381609,0.5121406,0
0.8724133,0.7841247,0.4138873,0
0.7129794,0.8853189,0.9074066,0
0.7205918,0.6205467,0.1748734,0
0.4776696,0.3909917,0.7453779,0
0.421535,0.71044,0.8860925,0
0.09859157,0.1049557,0.2784013,0
0.6331068,0.4102117,0.2373256,0
0.9308727,0.9527584,0.07484589,0
0.3840995,0.664533,0.4092009,0
0.787699,0.7320158,0.07347474,0
0.864493,0.6479463,0.5302747,0
0.7534074,0.194979,0.5915076,0
0.4425244,0.1147613,0.9446757,0
0.6671271,0.3612518,0.1363682,0
0.5270489,0.539624,0.8017597,0
0.6975036,0.7783695,0.4540802,0
0.8296146,0.05947858,0.5699579,0
0.9192307,0.6172476,0.3101407,0
0.6021931,0.2699215,0.2993045,0
0.6150253,0.563455,0.3392659,0
0.5103368,0.6512851,0.6304164,0
0.4622917,0.1618724,0.3000781,0
0.2637835,0.8364564,0.8632258,0
0.286332,0.3746642,0.8532847,0
0.8864941,0.8573235,0.9536902,0
0.8040053,0.7741848,0.2696866,0
0.6518258,0.4202017,0.09435059,0
0.2877716,0.2272247,0.2241198,0
0.1246152,0.5247142,0.5720736,0
0.9107635,0.3721886,0.6817554,0
0.9002542,0.1149713,0.05568438,0
0.6553438,0.3465317,0.6290554,0
0.448999,0.6280434,0.06823457,0
0.2719224,0.07001776,0.07949459,0
0.7046325,0.6365786,0.8568645,0
0.5317058,0.6998767,0.2940769,0
0.2632706,0.3237371,0.925401,0
0.182488,0.2327511,0.5730013,0
0.7434161,0.2341082,0.4917014,0
0.5517639,0.1454085,0.3628618,0
0.789246,0.1975927,0.6715818,0
0.6256997,0.2617688,0.3406242,0
0.1941067,0.29537,0.0459135,0
0.4674391,0.1495831,0.5255625,0
0.0518705,0.3735432,0.4493462,0
0.8664081,0.100475,0.6087688,0
0.4352492,0.8450525,0.07846728,0
0.06576431,0.8108096,0.05478126,0
0.847055,0.748116,0.3979349,0
0.3845302,0.4390296,0.05136202,0
0.4804032,0.1990835,0.6275845,0
0.5553409,0.1677939,0.4990006,0
0.07307861,0.3765438,0.232687,0
0.9450018,0.4766853,0.1365624,0
0.8133731,0.3727636,0.2907244,0
0.9050912,0.3262239,0.2234243,0
0.6804918,0.9498455,0.7907187,0
0.1526258,0.1581888,0.1395011,0
0.8370041,0.6356169,0.5245538,0
0.1616954,0.5033603,0.7173135,0
0.3130001,0.7721083,0.1081375,0
0.05545704,0.9452992,0.05847518,0
0.6667349,0.6336523,0.1282734,0
0.4988003,0.5856388,0.8315961,0
0.8828225,0.4399491,0.09978835,0
0.8803869,0.8621209,0.7167631,0
0.1723226,0.2568925,0.2690168,0
0.281694,0.8357154,0.6762615,0
0.6929073,0.6628403,0.1364006,0
0.6175819,0.5645872,0.1547733,0
0.7868112,0.3939717,0.293725,0
0.6884322,0.4048177,0.5996346,0
0.2082854,0.4188786,0.3184298,0
0.3648829,0.0884249,0.5640062,0
0.09655628,0.4690538,0.7262833,0
0.5544792,0.2714559,0.4364728,0
0.4011391,0.2196184,0.5446709,0
0.8615173,0.5516537,0.3940415,0
0.8850478,0.8735738,0.5238379,0
0.3742508,0.6051848,0.3911192,0
0.8047352,0.2933109,0.3606772,0
0.7179359,0.45583,0.06708702,0
0.7804943,0.4592232,0.6682113,0
0.4998546,0.6543855,0.4711027,0
0.3610785,0.9072497,0.6667671,0
0.362045,0.6845857,0.4871283,0
0.7457591,0.7738789,0.184457,0
0.7166952,0.05785166,0.2189225,0
0.3045835,0.5389549,0.07874908,0
0.5303345,0.2780567,0.3831852,0
0.7736857,0.7036076,0.7052127,0
0.7731206,0.6650428,0.5718676,0
0.2483823,0.1438521,0.7568322,0
0.4096928,0.824439,0.738873,0
0.6452591,0.5818057,0.08061586,0
0.7825212,0.8491201,0.3781858,0
0.1349125,0.3915475,0.8402793,0
0.9480487,0.1416486,0.2674542,0
0.571979,0.1465821,0.5426437,0
0.542102,0.09834765,0.8385078,0
0.7732501,0.6820968,0.6569365,0
0.303973,0.6299611,0.8700579,0
0.780389,0.7338182,0.8720884,0
0.8387913,0.4674703,0.3518544,0
0.3976704,0.3996662,0.888145,0
0.1909537,0.6205012,0.744943,0
0.6014889,0.203456,0.9508565,0
0.4911925,0.4774414,0.3940944,0
0.5644805,0.1370433,0.09212568,0
0.4466941,0.1886141,0.7495303,0
0.7460241,0.4691095,0.2263092,0
0.8725863,0.896768,0.518039,0
0.3866572,0.2910475,0.6482061,0
0.8442076,0.2074746,0.1496317,0
0.7312424,0.886002,0.3952364,0
0.3945414,0.5160618,0.7020996,0
0.6575191,0.4803902,0.09991097,0
0.1414041,0.3989425,0.3033628,0
0.1379382,0.3495952,0.5012423,0
0.7388957,0.3617505,0.1573766,0
0.5288553,0.5347961,0.1310667,0
0.07333532,0.6767713,0.3632931,0
0.5751576,0.4662138,0.04988431,0
0.5390582,0.6294374,0.8729469,0
0.1328784,0.1665533,0.1489995,0
0.854907,0.1377046,0.2195332,0
0.3016108,0.2603399,0.5903466,0
0.3077755,0.1303982,0.07669206,0
0.2661296,0.2566825,0.3834974,0
0.1984284,0.2412696,0.5789294,0
0.897427,0.8749889,0.2866177,0
0.1546024,0.2602247,0.2890731,0
0.06220789,0.6101437,0.782457,0
0.4948749,0.3022913,0.3419831,0
0.4459434,0.4426337,0.8445891,0
0.746681,0.05646051,0.367705,0
0.08268767,0.8358011,0.9206432,0
0.3482685,0.5430807,0.7373665,0
0.2144951,0.6084118,0.2936329,0
0.9310097,0.7676561,0.4331527,0
0.3465397,0.9195593,0.6383023,0
0.5095549,0.2822215,0.3329088,0
0.472458,0.6447901,0.2765096,0
0.3568641,0.843901,0.7245451,0
0.1823001,0.4203551,0.2942421,0
0.2875326,0.7192403,0.3475771,0
0.8167424,0.6122633,0.9175951,0
0.4070331,0.3853178,0.7626624,0
0.2778443,0.932413,0.2821411,0
0.7316083,0.8269264,0.8818614,0
0.7711605,0.3719632,0.3790886,0
0.4710475,0.6055193,0.5322917,0
0.2051375,0.0710429,0.1938461,0
0.602511,0.07289521,0.6634289,0
0.5055079,0.4249699,0.8727515,0
0.5590647,0.9174961,0.7349638,0
0.5049768,0.2366275,0.3717253,0
0.5165702,0.149538,0.8403401,0
0.6165376,0.929122,0.5859253,0
0.2127093,0.8585811,0.7044753,0
0.1732258,0.4468697,0.4963985,0
0.628544,0.3294234,0.2259267,0
0.2644917,0.7118757,0.502149,0
0.6897229,0.324582,0.9388219,0
0.7971457,0.6255695,0.2859925,0
0.4464795,0.3029496,0.4995231,0
0.1915792,0.3032677,0.3919422,0
0.1148863,0.8275726,0.1679055,0
0.7540901,0.3697453,0.8301101,0
0.70509,0.1870786,0.4250471,0
0.3132544,0.4478073,0.5234393,0
0.4586687,0.3233837,0.08861868,0
0.8208286,0.8344839,0.1844319,0
0.4717266,0.3015696,0.4634276,0
0.5888391,0.2471636,0.7992307,0
0.3022935,0.643543,0.9361778,0
0.1317046,0.2922468,0.1444664,0
0.8353808,0.07108529,0.4789885,0
0.4366755,0.679964,0.8779758,0
0.08318436,0.3506149,0.2862593,0
0.3596436,0.3845532,0.5728983,0
0.07587694,0.4336079,0.8156998,0
0.3954374,0.5954367,0.7808841,0
0.9382444,0.7574819,0.3213172,0
0.4132731,0.8538778,0.2042559,0
0.5111069,0.08925559,0.3940386,0
0.6857755,0.1195806,0.446315,0
0.7923803,0.3999297,0.8553648,0
0.1108581,0.8832467,0.8294544,0
0.4930169,0.07051537,0.4622293,0
0.6477267,0.2708465,0.09905429,0
0.2007329,0.6687901,0.9347977,0
0.095609,0.6895066,0.08836222,0
0.3335784,0.2584924,0.2949589,0
0.2958569,0.05757855,0.8004774,0
0.3066315,0.4809057,0.1702659,0
0.413585,0.5079742,0.8050551,0
0.4304134,0.05812354,0.8429311,0
0.593078,0.1342517,0.3309535,0
0.41762,0.3616323,0.4533555,0
0.7655454,0.6604762,0.552529,0
0.4927603,0.7252066,0.5079776,0
0.07091488,0.4011491,0.09885502,0
0.8521699,0.07565577,0.873535,0
0.934999,0.2232559,0.2690709,0
0.06135609,0.7797113,0.511544,0
0.3077413,0.9311519,0.5977477,0
0.4572889,0.1768392,0.5717053,0
0.6512293,0.9417959,0.6728629,0
0.5608394,0.4300718,0.2062671,0
0.9093375,0.6490054,0.6361063,0
0.1907377,0.3033772,0.3395028,0
0.3145052,0.1180556,0.7430531,0
0.7845758,0.4814655,0.923907,0
0.8170701,0.4369785,0.864772,0
0.3932208,0.2990287,0.4409637,0
0.2371563,0.6058275,0.4159342,0
0.7246596,0.9420937,0.2008197,0
0.4985634,0.1619945,0.06982449,0
0.4072458,0.2348377,0.4311583,0
0.2389269,0.9074047,0.6126414,0
0.2688247,0.4161589,0.1062942,0
0.1019195,0.5434752,0.3130294,0
0.8303956,0.7168729,0.3842022,0
0.3198422,0.6564593,0.5606722,0
0.8276336,0.4697407,0.9305649,0
0.1185964,0.5346894,0.917426,0
0.3110717,0.3714562,0.9534588,0
0.9218856,0.04738728,0.08181855,0
0.4127361,0.7291243,0.2425376,0
0.2830378,0.7255756,0.7595716,0
0.867203,0.1131575,0.1427179,0
0.6495193,0.2060653,0.8308517,0
0.08259284,0.8780255,0.3230092,0
0.3678218,0.6570125,0.6429469,0
0.1503171,0.3986579,0.9431801,0
0.2334795,0.4966307,0.1256305,0
0.6116338,0.6326669,0.9468455,0
0.193575,0.4678968,0.1932877,0
0.6999839,0.2011217,0.3188955,0
0.4113203,0.8503997,0.6671689,0
0.2758911,0.9069155,0.4393182,0
0.06183501,0.6173753,0.05896699,0
0.4558097,0.4744303,0.4811059,0
0.7425399,0.5765112,0.4545134,0
0.3512467,0.6329502,0.379156,0
0.8053384,0.4994434,0.8086451,0
0.3363801,0.257069,0.4556833,0
0.7857628,0.3871836,0.1038612,0
0.529135,0.9148329,0.6283848,0
0.1263375,0.07759859,0.1925529,0
0.4204966,0.562708,0.4423741,0
0.5350147,0.7458561,0.2479536,0
0.3371546,0.4719124,0.0649564,0
0.1832963,0.6885816,0.6425311,0
0.7437958,0.4000194,0.2224381,0
0.2065374,0.7609369,0.4094901,0
0.6186981,0.7396964,0.5272824,0
0.2380126,0.3791762,0.7033014,0
0.2921268,0.6677285,0.5099959,0
0.8588489,0.2705244,0.4148763,0
0.6763578,0.9384427,0.4549284,0
0.3432642,0.09941289,0.8885255,0
0.665263,0.9057728,0.4559665,0
0.2180731,0.0898561,0.1354078,0
0.2354016,0.5512292,0.6843321,0
0.2631252,0.4520411,0.6384277,0
0.7662799,0.8159519,0.4502916,0
0.7240813,0.8103585,0.6172678,0
0.4707405,0.4365994,0.153234,0
0.1445644,0.4810563,0.811876,0
0.537236,0.3859273,0.06140044,0
0.8014287,0.1388947,0.5986284,0
0.4525841,0.2380212,0.6702328,0
0.9138584,0.7090418,0.1679638,0
0.5977557,0.7572915,0.3348593,0
0.7577465,0.3821996,0.7164539,0
0.2780154,0.8100728,0.559949,0
0.410886,0.4232472,0.4131938,0
0.8321856,0.335885,0.9224967,0
0.6080452,0.2498241,0.45533,0
0.481396,0.4726963,0.2809946,0
0.4966536,0.4635767,0.8764377,0
0.4921975,0.4326555,0.2618244,0
0.881131,0.8354711,0.6901326,0
0.4058668,0.9107525,0.3014575,0
0.08486012,0.3462887,0.4426193,0
0.7396276,0.18031,0.468648,0
0.4997343,0.8492858,0.07118093,0
0.3759346,0.1099943,0.1503872,0
0.5192923,0.3833065,0.2170025,0
0.1518853,0.06538308,0.9307421,0
0.7436472,0.1238419,0.06436373,0
0.7166425,0.6415486,0.5012885,0
0.2954538,0.4569124,0.8941258,0
0.9313716,0.1431599,0.3868794,0
0.1056693,0.5161456,0.3975208,0
0.08271375,0.7676459,0.2309523,0
0.4486591,0.2701933,0.07827614,0
0.3488991,0.4614674,0.4964996,0
0.4918928,0.4182663,0.4446675,0
0.2052498,0.8051944,0.8859124,0
0.9209161,0.4696731,0.8958908,0
0.7133064,0.3081615,0.5693277,0
0.2412427,0.52326,0.9033133,0
0.4053601,0.9265272,0.9039032,0
0.06544353,0.2749956,0.8164642,0
0.6768273,0.8690126,0.5680402,0
0.6130399,0.1464806,0.8931844,0
0.0572072,0.3012364,0.1340161,0
0.05528061,0.3194287,0.1824965,0
0.3056028,0.4539356,0.1176754,0
0.3055004,0.7267392,0.5081446,0
0.5342203,0.05029901,0.1938022,0
0.3668904,0.7852192,0.6542268,0
0.675239,0.1682466,0.2450603,0
0.5724579,0.347633,0.3315544,0
0.06652348,0.09311729,0.3729059,0
0.4866735,0.2179187,0.2812243,0
0.1845193,0.7058597,0.7329735,0
0.6258666,0.2396315,0.916074,0
0.4071251,0.7084619,0.1598138,0
0.2478919,0.410569,0.8235787,0
0.2735289,0.282568,0.7269215,0
0.3768998,0.672356,0.8979867,0
0.7953953,0.6291645,0.5415613,0
0.1268212,0.4405757,0.8198018,0
0.7541196,0.305893,0.5228083,0
0.462695,0.7701946,0.3579,0
0.7299169,0.5516863,0.3395763,0
0.824329,0.8494769,0.857706,0
0.2800702,0.2971068,0.277923,0
0.7714478,0.6490798,0.841778,0
0.813377,0.09152898,0.5812308,0
0.1636936,0.1773367,0.4823767,0
0.5319802,0.7151759,0.5248544,0
0.8647563,0.6710244,0.8145641,0
0.5058528,0.5873784,0.4117379,0
0.8631901,0.7309352,0.336471,0
0.6814584,0.1554728,0.4759935,0
0.3429114,0.5533575,0.5233365,0
0.05565626,0.2274545,0.6558827,0
0.6086825,0.2450176,0.2354339,0
0.4114611,0.1256739,0.1497646,0
0.6313504,0.4103423,0.5805571,0
0.3594036,0.2121957,0.8487006,0
0.6141637,0.6863053,0.4791782,0
0.630987,0.6198987,0.1211473,0
0.9512103,0.316426,0.371595,0
0.8475043,0.09807022,0.5957696,0
0.623786,0.5718847,0.4591005,0
0.4757714,0.7331575,0.8963098,0
0.9044259,0.7078968,0.5513251,0
0.1684277,0.365239,0.8210208,0
0.8652362,0.2239056,0.2373008,0
0.2290316,0.8404995,0.5116857,0
0.415073,0.5922186,0.4047947,0
0.4435121,0.6288428,0.5142487,0
0.806753,0.7255722,0.1397116,0
0.09301956,0.2770442,0.2856901,0
0.7060022,0.8553312,0.648238,0
0.1124607,0.09167663,0.2591986,0
0.2390739,0.4528993,0.2184961,0
0.39698,0.4734494,0.6550555,0
0.4790821,0.06739968,0.3269651,0
0.08112058,0.04759886,0.1511046,0
0.2689397,0.2710928,0.222169,0
0.32403,0.6159146,0.7669256,0
0.8443127,0.7230002,0.8781922,0
0.3920943,0.4295494,0.5194135,0
0.7026905,0.4969811,0.5348552,0
0.1997996,0.6495237,0.6647289,0
0.3873932,0.843291,0.8514858,0
0.2016347,0.2268873,0.7348495,0
0.2882005,0.1894347,0.4155042,0
0.1262193,0.7821429,0.8164626,0
0.6244814,0.1292074,0.8019254,0
0.7021626,0.6180157,0.7121761,0
0.5375451,0.2544757,0.3659305,0
0.4938929,0.4174824,0.3814932,0
0.8263508,0.3503283,0.5559589,0
0.06231588,0.2155473,0.6931455,0
0.4123096,0.335102,0.606441,0
0.2462004,0.2535231,0.1856817,0
0.4811687,0.1851869,0.4237128,0
0.4745517,0.6605597,0.8582839,0
0.2748351,0.6352915,0.4025243,0
0.4297539,0.9291574,0.09351073,0
0.6476081,0.3978168,0.8955676,0
0.5179939,0.9387977,0.9109237,0
0.2978739,0.09774576,0.2823047,0
0.6507401,0.902657,0.08666015,0
0.2991353,0.1484682,0.7202674,0
0.8954979,0.4202051,0.8784044,0
0.5870821,0.9437352,0.6812286,0
0.4176261,0.7275507,0.5699595,0
0.1100225,0.1851828,0.3134535,0
0.802482,0.5096406,0.4611041,0
0.1290738,0.7740596,0.1134782,0
0.8597642,0.1142042,0.1743417,0
0.4394647,0.309296,0.5693801,0
0.6654885,0.7805408,0.3296641,0
0.553145,0.4919789,0.4585037,0
0.05154134,0.7015465,0.1360548,0
0.793716,0.1351068,0.3672926,0
0.5545877,0.8746587,0.5135078,0
0.9189823,0.8280939,0.3297932,0
0.08125799,0.4492442,0.8099106,0
0.5169137,0.9431233,0.4829111,0
0.5713615,0.8247448,0.6184475,0
0.4880606,0.7617018,0.6445099,0
0.7141806,0.2394059,0.3296048,0
0.130143,0.4974298,0.6218972,0
0.1720954,0.4975128,0.2594975,0
0.6055226,0.2364741,0.8099351,0
0.2776501,0.3986924,0.6542754,0
0.898736,0.1404959,0.336603,0
0.4966621,0.08047397,0.4503022,0
0.6408266,0.6323082,0.6193315,0
0.809745,0.4715372,0.4963906,0
0.2449757,0.1011697,0.8246272,0
0.3318628,0.508574,0.4875036,0
0.4850777,0.6026965,0.2797172,0
0.1350971,0.2013499,0.2658379,0
0.5693173,0.823941,0.5369455,0
0.7876765,0.04623858,0.9534875,0
0.2145386,0.8391508,0.3692464,0
0.6277116,0.1452789,0.3738088,0
0.4189264,0.4323454,0.89162,0
0.3581015,0.2510611,0.7064478,0
0.7990725,0.481992,0.2631673,0
0.5322546,0.925291,0.2771295,0
0.6447257,0.736127,0.6540741,0
0.06771311,0.276866,0.3997504,0
0.4851913,0.1050397,0.725795,0
0.6634368,0.3968378,0.6612107,0
0.07683037,0.2539357,0.6952336,0
0.3066845,0.6041384,0.7196349,0
0.6518635,0.7175292,0.7925479,0
0.3378271,0.3611172,0.2768991,0
0.7973233,0.7034962,0.9031678,0
0.2574586,0.8127765,0.756145,0
0.7351919,0.5097321,0.1436006,0
0.8280541,0.4362933,0.3395734,0
0.9221116,0.9151483,0.1893717,0
0.1080164,0.06902772,0.3801894,0
0.6764907,0.6559427,0.594343,0
0.5992475,0.9515297,0.9287074,0
0.8636698,0.1410309,0.5333695,0
0.05116318,0.6740236,0.2146006,0
0.4964829,0.1804481,0.6379809,0
0.7805654,0.5859653,0.8918381,0
0.4321841,0.5245884,0.8702135,0
0.6632331,0.6398637,0.0621029,0
0.9392654,0.3754332,0.6141382,0
0.1414406,0.3097003,0.6299765,0
0.8105105,0.5562872,0.2296142,0
0.7868392,0.618349,0.1919712,0
0.7349616,0.6623298,0.1109698,0
0.168057,0.6260388,0.8754839,0
0.3694154,0.2560581,0.5940641,0
0.4349129,0.2336449,0.419645,0
0.3548533,0.592133,0.3464648,0
0.09338559,0.7528616,0.3935967,0
0.5242244,0.165658,0.471783,0
0.7620491,0.9354439,0.8050131,0
0.2392004,0.2467946,0.07551561,0
0.4107671,0.3796699,0.7530851,0
0.7997306,0.2858794,0.5409296,0
0.2485226,0.592375,0.2117749,0
0.5824393,0.7945966,0.2235782,0
0.8222825,0.864917,0.2917215,0
0.4924239,0.8190621,0.8581955,0
0.8066345,0.1605421,0.4592326,0
0.4362306,0.6091704,0.5262262,0
0.7733925,0.452624,0.8198093,0
0.346786,0.4945367,0.1668548,0
0.8169926,0.5302274,0.4597184,0
0.3384991,0.5293643,0.07793438,0
0.726327,0.5245414,0.8964689,0
0.8817664,0.4903368,0.6884829,0
0.4943758,0.8873889,0.3390836,0
0.9119116,0.8695995,0.5939773,0
0.652936,0.3548798,0.1610892,0
0.5036817,0.6992092,0.1253944,0
0.2130684,0.8350851,0.8744968,0
0.4600406,0.3158209,0.2533996,0
0.769148,0.6785266,0.6504516,0
0.2845539,0.1375571,0.1515681,0
0.6837479,0.889439,0.571288,0
0.3343553,0.5773699,0.2705393,0
0.2507141,0.4972092,0.9539983,0
0.9100963,0.6915668,0.5292305,0
0.3586124,0.8928528,0.5326725,0
0.4052233,0.07641963,0.2865916,0
0.3522522,0.1839206,0.8343213,0
0.2206191,0.2463966,0.4232507,0
0.3487319,0.7914335,0.9077988,0
0.6075682,0.3498511,0.2652521,0
0.4832234,0.9517119,0.8879361,0
0.3835326,0.2657994,0.3858235,0
0.2808195,0.7146287,0.7767527,0
0.7104114,0.4727166,0.458072,0
0.7276876,0.07460228,0.04621841,0
0.6993323,0.2590986,0.8471156,0
0.8592131,0.93226,0.7252732,0
0.08833797,0.8892483,0.8268505,0
0.6228902,0.6865814,0.0469575,0
0.2332099,0.1140105,0.237001,0
0.9442652,0.4906309,0.6750019,0
0.2890415,0.4828343,0.2789493,0
0.7560884,0.3294646,0.892089,0
0.7878857,0.1915792,0.1838494,0
0.381924,0.3745377,0.4131929,0
0.7914378,0.2859163,0.3740915,0
0.754906,0.616696,0.7899305,0
0.7200435,0.5390122,0.1583046,0
0.2755323,0.9471381,0.3221646,0
0.6443492,0.8552437,0.9413954,0
0.5842805,0.9059003,0.7770851,0
0.9434124,0.5642868,0.3343217,0
0.1216026,0.3986044,0.6159549,0
0.209326,0.4588705,0.8395525,0
0.1376642,0.2879717,0.187784,0
0.05068426,0.5038712,0.7763982,0
0.5967727,0.6302976,0.4098714,0
0.3571538,0.3325117,0.1271604,0
0.6072659,0.08381946,0.6680912,0
0.6861349,0.6793001,0.1939672,0
0.2028012,0.4029385,0.6680552,0
0.7282175,0.3744697,0.3065721,0
0.09163974,0.1394068,0.2322082,0
0.4079632,0.3330212,0.4640636,0
0.7318642,0.170063,0.2522791,0
0.4782313,0.4329863,0.4573063,0
0.5055841,0.2371673,0.3245015,0
0.590575,0.9195945,0.706731,0
0.7840489,0.2267965,0.2832997,0
0.0943222,0.6143973,0.3031692,0
0.2881365,0.9367413,0.2118507,0
0.2534462,0.8308503,0.9493523,0
0.1531428,0.9221467,0.08114716,0
0.6640982,0.5722434,0.09201939,0
0.3162686,0.40506,0.3512507,0
0.7738418,0.3921047,0.5803261,0
0.297657,0.425924,0.7550653,0
0.6192235,0.1171921,0.4215854,0
0.8603762,0.2206054,0.2365423,0
0.4600635,0.8519126,0.3796628,0
0.1988839,0.1240385,0.1037142,0
0.5226555,0.7902653,0.2864563,0
0.1932496,0.3722588,0.7733577,0
0.4329828,0.1315811,0.8072057,0
0.2051039,0.1251147,0.4366475,0
0.6598234,0.5188375,0.5434636,0
0.8009003,0.608898,0.9447996,0
0.7777816,0.196955,0.2801891,0
0.1497398,0.2095525,0.8784816,0
0.6437407,0.4177264,0.5898485,0
0.8015574,0.7354294,0.1942435,0
0.6027098,0.5779716,0.7195832,0
0.8414609,0.2366084,0.9229578,0
0.6459727,0.3004588,0.8031865,0
0.7339712,0.6433045,0.4356698,0
0.9318291,0.467723,0.7915484,0
0.3173002,0.6962782,0.2966692,0
0.5473471,0.08779162,0.3075187,0
0.5326509,0.418,0.8843405,0
0.4555498,0.8992293,0.1161366,0
0.3995408,0.9111866,0.4038464,0
0.1728395,0.1779785,0.2829401,0
0.1186889,0.5163448,0.6439903,0
0.4593638,0.2375549,0.6818345,0
0.271618,0.1500766,0.3576833,0
0.4429071,0.7354445,0.8439817,0
0.7020838,0.6862853,0.2797575,0
0.4683863,0.6990568,0.3470443,0
0.2357623,0.8449162,0.3770375,0
0.06685857,0.4701859,0.340486,0
0.6463487,0.3705707,0.5471636,0
0.5090486,0.4538724,0.5731698,0
0.577023,0.6293492,0.3310758,0
0.9473081,0.2418392,0.5782867,0
0.1349192,0.5855603,0.4619752,0
0.7828284,0.8028357,0.6952927,0
0.1172109,0.6422801,0.08641697,0
0.8629364,0.9399093,0.6041978,0
0.4243333,0.07442462,0.4094776,0
0.8493433,0.6735126,0.5593541,0
0.6604625,0.4438852,0.2307236,0
0.6512276,0.2629792,0.6138136,0
0.5923697,0.6406032,0.6426469,0
0.5294003,0.5946168,0.08560631,0
0.7722254,0.1052582,0.6453229,0
0.3713666,0.4830224,0.1403135,0
0.8772565,0.2067922,0.4808932,0
0.4822397,0.3478914,0.8653772,0
0.634569,0.2479181,0.1853017,0
0.8504814,0.2915239,0.7946042,0
0.9353454,0.8909653,0.9412477,0
0.7562209,0.3981459,0.2016874,0
0.7606068,0.0751156,0.8947829,0
0.1360632,0.3452605,0.7079768,0
0.7725817,0.8649642,0.2068414,0
0.5587228,0.5604995,0.1199867,0
0.9241742,0.2218698,0.8436683,0
0.5135416,0.603274,0.8334538,0
0.578554,0.7240427,0.4571829,0
0.4290482,0.2985363,0.1067464,0
0.8077524,0.5627087,0.7003657,0
0.5520383,0.2295944,0.8411856,0
0.2675701,0.8618066,0.8529623,0
0.1320547,0.7654125,0.4084903,0
0.1706847,0.7008411,0.3176693,0
0.921897,0.8335111,0.468983,0
0.3322778,0.8650717,0.7452805,0
0.710799,0.5973997,0.230232,0
0.9413971,0.4180913,0.2360541,0
0.434664,0.572081,0.5115057,0
0.8886628,0.8533456,0.1766988,0
0.8081828,0.3251961,0.8913156,0
0.5827466,0.1171951,0.5927495,0
0.2394898,0.6797571,0.1369711,0
0.7422543,0.1045571,0.4311348,0
0.1783239,0.8706875,0.4184965,0
0.8466021,0.2059172,0.5334432,0
0.0679735,0.8115126,0.7415761,0
0.1726291,0.9089522,0.4314645,0
0.8467284,0.2722967,0.2928242,0
0.3038935,0.1958295,0.3145117,0
0.658927,0.406843,0.673896,0
0.6207814,0.1115821,0.315161,0
0.1847999,0.09666417,0.4604691,0
0.5769264,0.1718151,0.3770832,0
0.7227616,0.8538319,0.810369,0
0.1030575,0.07789958,0.9411723,0
0.3438711,0.2078218,0.3247114,0
0.2530667,0.7382878,0.5842885,0
0.4723173,0.4467943,0.6058456,0
0.3159887,0.5166191,0.7565796,0
0.4534042,0.1882802,0.2647425,0
0.5145901,0.6158938,0.6820195,0
0.6629186,0.2790374,0.105773,0
0.3608935,0.8141571,0.2192904,0
0.2350266,0.8146971,0.5322557,0
0.5339639,0.3888867,0.3701182,0
0.9136926,0.4453887,0.6209965,0
0.9313809,0.7418199,0.3937954,0
0.8156529,0.5161014,0.1875551,0
0.2047604,0.05034218,0.3841081,0
0.6067878,0.8603079,0.9454366,0
0.1450301,0.7173148,0.9070701,0
0.1875111,0.8626099,0.3670307,0
0.3218597,0.6687163,0.6623268,0
0.07293423,0.8530279,0.5413707,0
0.347876,0.4657922,0.389947,0
0.723181,0.9107614,0.3046938,0
0.4465396,0.3111011,0.1779655,0
0.1952463,0.5476417,0.197389,0
0.1651669,0.7518207,0.6633691,0
0.5399628,0.7548542,0.8665521,0
0.7384588,0.6467227,0.1972848,0
0.1918107,0.3365441,0.318781,0
0.2298343,0.1136261,0.9534852,0
0.6014826,0.04838586,0.1861495,0
0.2199115,0.6657343,0.609309,0
0.2440036,0.3134658,0.3641669,0
0.06784272,0.4074852,0.3415186,0
0.7986907,0.806479,0.9483012,0
0.2524324,0.4528528,0.5654846,0
0.760714,0.8055125,0.5892835,0
0.1826509,0.2536881,0.6697764,0
0.1062987,0.07000292,0.712333,0
0.3669138,0.636687,0.8110288,0
0.1913979,0.4551698,0.5920489,0
0.2823056,0.084509,0.9241279,0
0.3338203,0.3433127,0.5538859,0
0.8995021,0.6668595,0.2317907,0
0.8572006,0.6889958,0.2110252,0
0.7293558,0.5302253,0.9314917,0
0.1364406,0.1672623,0.5787566,0
0.9064127,0.5476927,0.2571428,0
0.8075418,0.1917674,0.4108824,0
0.8583893,0.180857,0.6961517,0
0.3209432,0.8552364,0.7141252,0
0.4192103,0.3555287,0.221149,0
0.4388635,0.1551494,0.6409084,0
0.2644,0.6767525,0.4759066,0
0.4744984,0.6389063,0.2722104,0
0.6374163,0.5895037,0.9510907,0
0.81678,0.8690767,0.613666,0
0.8084891,0.2315113,0.8950808,0
0.5355402,0.290707,0.69559,0
0.2182931,0.8813223,0.8179054,0
0.5307192,0.2241254,0.6569498,0
0.3349405,0.268204,0.2364075,0
0.7118376,0.2637488,0.4622399,0
0.5281544,0.1853066,0.53368,0
0.1601662,0.2219094,0.5081418,0
0.7248129,0.7203559,0.6071573,0
0.6761481,0.5622894,0.4507228,0
0.2380438,0.9316123,0.3174971,0
0.2108871,0.1422723,0.2437411,0
0.4246393,0.1964608,0.1645758,0
0.4638568,0.2205692,0.647455,0
0.1582085,0.1245479,0.1885271,0
0.3611949,0.2980436,0.1762191,0
0.501943,0.8716058,0.9368917,0
0.3203972,0.2999453,0.4638085,0
0.4210767,0.8314222,0.8685597,0
0.7296482,0.4387224,0.09242043,0
0.3164053,0.06728685,0.7622011,0
0.3995031,0.3556045,0.531216,0
0.5441958,0.2558471,0.1251315,0
0.829758,0.4592486,0.1329843,0
0.9148423,0.6110941,0.2029603,0
0.2587374,0.8147664,0.7126464,0
0.1325196,0.8479362,0.8063418,0
0.8320546,0.2828802,0.5153235,0
0.1797721,0.2162115,0.2148658,0
0.8725394,0.8098281,0.5656018,0
0.6540908,0.2142467,0.1167838,0
0.2893632,0.05006278,0.1330394,0
0.687158,0.5016599,0.876133,0
0.8843351,0.500974,0.5399427,0
0.08915403,0.6085523,0.1107186,0
0.1502917,0.08297151,0.7391672,0
0.329491,0.2503198,0.662011,0
0.9505656,0.8743656,0.8276661,0
0.3928751,0.1476131,0.9050484,0
0.5182925,0.3948949,0.2680196,0
0.7986034,0.08799046,0.3342595,0
0.1953419,0.3742386,0.8738513,0
0.08928481,0.3517446,0.54583,0
0.09812307,0.2212204,0.1210538,0
0.4286099,0.8367452,0.2313798,0
0.8103215,0.9122344,0.4097596,0
0.1679029,0.07761354,0.2657085,0
0.6511188,0.523099,0.5872631,0
0.7215438,0.6115549,0.8345327,0
0.8759874,0.86967,0.1307569,0
0.0892092,0.380868,0.9103752,0
0.8234645,0.7085692,0.4253747,0
0.1567874,0.2069542,0.422627,0
0.2549426,0.1926028,0.6277574,0
0.6167188,0.297332,0.9391567,0
0.05634673,0.4729212,0.3325571,0
0.1515768,0.7358657,0.2676258,0
0.07451557,0.6031679,0.3095925,0
0.2242649,0.46319,0.1321606,0
0.4653404,0.4413182,0.9034093,0
0.7625185,0.836876,0.8836631,0
0.336342,0.8600658,0.5480085,0
0.4588804,0.1767325,0.8521339,0
0.2204876,0.3828548,0.6251319,0
0.3036373,0.3865827,0.7645331,0
0.2366475,0.09340542,0.2589611,0
0.4084527,0.3038085,0.5248488,0
0.4146469,0.4801238,0.9208062,0
0.3227839,0.2068786,0.4517504,0
0.6194878,0.9179443,0.2060153,0
0.9210396,0.9346003,0.3093658,0
0.247594,0.8266332,0.5220163,0
0.3695747,0.2755906,0.4873443,0
0.7479638,0.9174867,0.2594147,0
0.8786498,0.8023138,0.2564714,0
0.8075244,0.5489372,0.6369071,0
0.9413539,0.06284083,0.05689411,0
0.4672182,0.5019416,0.2807574,0
0.936915,0.7824636,0.5729647,0
0.6815237,0.4642543,0.383504,0
0.2238883,0.2287444,0.6439337,0
0.1496247,0.2575463,0.1688947,0
0.7010276,0.4558689,0.1755658,0
0.9115541,0.6422557,0.4110438,0
0.2721526,0.3910664,0.2923689,0
0.1030851,0.8672507,0.244821,0
0.9384366,0.4948658,0.5884593,0
0.7247722,0.2006881,0.5798948,0
0.9366723,0.7377499,0.3361212,0
0.2051956,0.944593,0.703193,0
0.7755342,0.8682513,0.1454793,0
0.5303356,0.1511626,0.5518975,0
0.9418074,0.533038,0.5553995,0
0.1988408,0.8948192,0.3495708,0
0.6530159,0.4919426,0.428927,0
0.2866674,0.3119847,0.8765922,0
0.2986305,0.2446196,0.4917969,0
0.4132237,0.691476,0.7156067,0
0.5625152,0.3101825,0.1287196,0
0.1590526,0.9530075,0.6601943,0
0.1816327,0.2134441,0.8550148,0
0.9312704,0.06218947,0.3381396,0
0.7125734,0.7347553,0.9166849,0
0.051156,0.7456459,0.945204,0
0.900736,0.7392717,0.04852345,0
0.2206902,0.07875067,0.4396268,0
0.06283417,0.6719445,0.6544849,0
0.2225231,0.2067336,0.3298533,0
0.5670149,0.6075447,0.05869105,0
0.1687544,0.5136007,0.7675685,0
0.7938696,0.2525067,0.5708985,0
0.5496981,0.4077405,0.9041607,0
0.4033802,0.8682896,0.4888737,0
0.2536913,0.2533713,0.8269034,0
0.8592126,0.5812314,0.5446801,0
0.3147284,0.2519446,0.4070773,0
0.1940464,0.9095159,0.296946,0
0.9145105,0.5999974,0.2308935,0
0.8208702,0.8836713,0.5970911,0
0.3507713,0.5689845,0.1125742,0
0.8893048,0.7988293,0.2913361,0
0.7084481,0.7523302,0.8732879,0
0.1314459,0.3649591,0.2400461,0
0.6883405,0.923291,0.6262189,0
0.2910349,0.1078636,0.420453,0
0.6945198,0.5770711,0.9303855,0
0.4635286,0.637889,0.05590806,0
0.6624652,0.5543153,0.446481,0
0.8328092,0.9495857,0.915716,0
0.8169958,0.7519133,0.488998,0
0.8181692,0.08387569,0.6736981,0
0.7550787,0.2849458,0.5816979,0
0.5813231,0.7968035,0.2062329,0
0.8047058,0.6922027,0.2761046,0
0.8980941,0.5107029,0.8990625,0
0.5890262,0.4056499,0.198971,0
0.3526298,0.8258299,0.9225007,0
0.7346408,0.5534034,0.125441,0
0.2489504,0.8508836,0.1705857,0
0.4908029,0.4689569,0.2160868,0
0.3374194,0.2891879,0.2041807,0
0.3898857,0.9506832,0.692641,0
0.6826701,0.7348775,0.1633466,0
0.7859723,0.3343244,0.4235547,0
0.6232103,0.5922442,0.6699337,0
0.2758127,0.1545164,0.4743288,0
0.2429852,0.936471,0.8244546,0
0.4703678,0.3934934,0.5812811,0
0.1970331,0.5744359,0.8342404,0
0.3292669,0.7589409,0.5468502,0
0.8535732,0.800991,0.6789114,0
0.3748061,0.515836,0.3141025,0
0.6074398,0.3513045,0.7953146,0
0.6687043,0.4799643,0.8858665,0
0.9105313,0.3707042,0.04682981,0
0.4975875,0.3866019,0.9266676,0
0.8829533,0.6290599,0.0620977,0
0.7958642,0.6864074,0.8766521,0
0.3170591,0.4909739,0.564822,0
0.78392,0.8285952,0.6820353,0
0.1306558,0.3768202,0.8941084,0
0.4491878,0.3514626,0.4030033,0
0.4675689,0.2979606,0.5908689,0
0.2178007,0.8437563,0.1823941,0
0.5459209,0.5684707,0.9198279,0
0.07404491,0.7385058,0.4713867,0
0.3096765,0.6606047,0.05506856,0
0.09577492,0.4552172,0.1223602,0
0.461649,0.5222076,0.8614281,0
0.2751782,0.06879806,0.1582872,0
0.8010791,0.3549337,0.7149811,0
0.6229684,0.7794935,0.3430247,0
0.3854002,0.3875151,0.4054218,0
0.9273303,0.7136272,0.8697606,0
0.6624458,0.2678032,0.6194459,0
0.9208682,0.3861016,0.6095018,0
0.4604577,0.749397,0.5840912,0
0.3350983,0.7605765,0.7157625,0
0.8355017,0.7302676,0.6163846,0
0.3165945,0.6242397,0.05389242,0
0.06305761,0.1255083,0.8470842,0
0.618084,0.458719,0.9285412,0
0.4744938,0.3235722,0.9035702,0
0.953505,0.6424888,0.1744585,0
0.0563836,0.5148249,0.121968,0
0.6745157,0.2897438,0.6940002,0
0.241404,0.6859269,0.8603684,0
0.5902882,0.6054838,0.06036017,0
0.1406841,0.7210253,0.4623949,0
0.1423516,0.209704,0.8054978,0
0.8230764,0.1072826,0.4384903,0
0.4064622,0.3302961,0.5846232,0
0.8588315,0.1930754,0.1912897,0
0.8994756,0.6765789,0.6466469,0
0.4135524,0.7290763,0.843574,0
0.9483485,0.6841599,0.7456709,0
0.6205329,0.1599308,0.3133272,0
0.5194876,0.1523451,0.7732875,0
0.1853615,0.9103205,0.6415634,0
0.4860766,0.3332424,0.8286412,0
0.1151642,0.3268729,0.177737,0
0.04954917,0.3223807,0.9503872,0
0.7154516,0.2818528,0.6257964,0
0.128165,0.9449012,0.4986184,0
0.1189218,0.1269277,0.4180542,0
0.3863354,0.4833976,0.7867418,0
0.8295441,0.1849091,0.1249164,0
0.9308637,0.7636546,0.3356081,0
0.735788,0.541658,0.884091,0
0.4343957,0.129536,0.3344542,0
0.823717,0.6224333,0.5218245,0
0.1085793,0.9091197,0.2234151,0
0.5731797,0.3320793,0.3564767,0
0.5026932,0.5104054,0.8519635,0
0.8706722,0.4810784,0.08046894,0
0.3370089,0.7103784,0.7712824,0
0.08295399,0.598249,0.07168406,0
0.2526223,0.4019951,0.9533336,0
0.05037881,0.4472763,0.759594,0
0.1146123,0.09497483,0.1444201,0
0.4226623,0.4288269,0.8799215,0
0.1685577,0.572305,0.1383923,0
0.5824916,0.5923889,0.09191328,0
0.1264998,0.6305025,0.6666607,0
0.7492424,0.2767497,0.1586796,0
0.8268396,0.5743232,0.7648664,0
0.3306839,0.3339663,0.7366095,0
0.8149332,0.3848754,0.9396613,0
0.8663374,0.4403446,0.6970572,0
0.3987213,0.4908197,0.816182,0
0.595469,0.9353362,0.2856205,0
0.2754314,0.8267362,0.7982901,0
0.1481757,0.6393771,0.3678534,0
0.2081748,0.7172312,0.9000575,0
0.486053,0.7035332,0.8161849,0
0.2112963,0.8222923,0.4168791,0
0.1324508,0.5645797,0.7047645,0
0.4063272,0.578338,0.2333383,0
0.5034966,0.4418715,0.1886609,0
0.6499447,0.296367,0.7285603,0
0.9447621,0.89766,0.2699901,0
0.838284,0.3638141,0.6849904,0
0.2260622,0.09116375,0.4151102,0
0.9019287,0.05000184,0.2028986,0
0.6778701,0.7206497,0.5837472,0
0.3757369,0.2820497,0.1969917,0
0.4816193,0.4699205,0.2971382,0
0.09256714,0.1478088,0.7168049,0
0.8259653,0.6523545,0.7108007,0
0.401882,0.8661628,0.1872002,0
0.6176825,0.1024665,0.2697214,0
0.4204701,0.2036275,0.5597871,0
0.2676419,0.7199489,0.1652405,0
0.4859026,0.883792,0.6707552,0
0.8898053,0.6170757,0.312896,0
0.657652,0.3039729,0.8160786,0
0.3619185,0.8056875,0.6856163,0
0.7413244,0.7383273,0.1546213,0
0.1563323,0.8877502,0.6733931,0
0.8040655,0.680111,0.7585724,0
0.4628031,0.4606588,0.8804687,0
0.8837531,0.0635913,0.3337921,0
0.2676388,0.1062489,0.4532082,0
0.8806407,0.1172185,0.4205166,0
0.7896186,0.6304772,0.7388497,0
0.5103592,0.3087852,0.9477329,0
0.6059271,0.8927605,0.9335068,0
0.8612807,0.6763164,0.1530449,0
0.6789426,0.2024783,0.1765433,0
0.3405138,0.4023333,0.8243808,0
0.3376029,0.2068475,0.3121952,0
0.2391453,0.4141386,0.5087299,0
0.835682,0.3047826,0.8327715,0
0.7570822,0.3943213,0.3107855,0
0.2556061,0.4237034,0.8267261,0
0.778881,0.1104625,0.6307371,0
0.4302243,0.9083995,0.7566615,0
0.3783338,0.4471867,0.8102756,0
0.4664242,0.3014103,0.1939181,0
0.6867779,0.515069,0.5094068,0
0.4526555,0.9174016,0.2280229,0
0.6506714,0.531774,0.7609785,0
0.2103651,0.4113698,0.7582965,0
0.9145141,0.4453513,0.6325937,0
0.5629632,0.6520731,0.1815535,0
0.6006276,0.4595486,0.8205863,0
0.6411662,0.4229868,0.0540148,0
0.4443108,0.7799902,0.847472,0
0.4171799,0.3747466,0.9333701,0
0.6160693,0.6619168,0.6077055,0
0.3438194,0.4697667,0.5010315,0
0.8728028,0.3571855,0.7162731,0
0.7023677,0.5580785,0.2876044,0
0.2715531,0.364787,0.2444217,0
0.9441162,0.05269195,0.8998392,0
0.3578053,0.552889,0.5542602,0
0.4385503,0.1371321,0.3225857,0
0.5323942,0.0703157,0.861909,0
0.2110419,0.9374342,0.4618247,0
0.3097655,0.3389404,0.7700463,0
0.1040654,0.6068321,0.16922,0
0.532198,0.5951818,0.2463842,0
0.6430228,0.5557258,0.7067792,0
0.7782937,0.09319309,0.8598338,0
0.4274906,0.5494886,0.1458557,0
0.476166,0.4194496,0.8726267,0
0.6818845,0.4342911,0.8674673,0
0.669059,0.3225835,0.8464159,0
0.5490947,0.6915328,0.3460014,0
0.923379,0.3230756,0.1562559,0
0.1187048,0.1920965,0.8058447,0
0.4638561,0.2238146,0.4594986,0
0.7714765,0.4400823,0.8613816,0
0.4691277,0.8929011,0.6348079,0
0.826921,0.04971367,0.2242103,0
0.608072,0.2552653,0.1784453,0
0.3582689,0.4740545,0.6368874,0
0.4929911,0.9412354,0.228139,0
0.6967961,0.8665143,0.7555328,0
0.6599093,0.3538379,0.1811376,0
0.4294531,0.2483951,0.6488896,0
0.2831061,0.839938,0.4129307,0
0.07836725,0.4232315,0.3707329,0
0.4923292,0.2663553,0.2864589,0
0.5598123,0.2532845,0.7519491,0
0.4199307,0.6823691,0.139899,0
0.1950743,0.6371258,0.8905454,0
0.6406375,0.6149957,0.1873925,0
0.6813483,0.8248551,0.4977523,0
0.5681932,0.5784636,0.7654293,0
0.4265859,0.3936996,0.1148039,0
0.4145071,0.248227,0.6518968,0
